 rsID,Gene,transcript,Variant,Zygosity,Classification,Disease associated,Inheritance
rs2229992,APC,ENST00000257430.9,c.1458T>C (p.Tyr486=) ,homozygous,Benign,familial adenomatous polyposis 1,Autosomal dominant inheritance
rs351771,APC,ENST00000257430.9,c.1635G>A (p.Ala545=) ,homozygous,Benign,familial adenomatous polyposis 1,Autosomal dominant inheritance
rs459552,APC,ENST00000257430.9,c.5465T>A (p.Val1822Asp) ,homozygous,Benign,familial adenomatous polyposis 1,Autosomal dominant inheritance
rs9648696,BRAF,ENST00000644969.1,c.2049A>G (p.Gly683=) ,heterozygous,Benign,RASopathy,Autosomal dominant inheritance
rs11202592,PTEN,ENST00000371953.8,c.-9C>G () ,heterozygous,Benign,PTEN hamartoma tumor syndrome,Autosomal dominant inheritance
rs612969,TECTA,ENST00000264037.2,c.1111A>G (p.Arg371Gly) ,heterozygous,Benign,nonsyndromic genetic deafness,
rs1137282,KRAS,ENST00000256078.9,c.*73T>C () ,heterozygous,Benign,RASopathy,Autosomal dominant inheritance
rs772897,PAH,ENST00000553106.6,c.1155C>G (p.Leu385=) ,heterozygous,Benign,phenylketonuria,Autosomal recessive inheritance
rs12580432,PAH,ENST00000553106.6,c.1065+97G>A () ,heterozygous,Benign,phenylketonuria,Autosomal recessive inheritance
rs1042503,PAH,ENST00000553106.6,c.735G>A (p.Val245=) ,heterozygous,Benign,phenylketonuria,Autosomal recessive inheritance
rs10860933,PAH,ENST00000553106.6,c.509+101A>C () ,heterozygous,Benign,phenylketonuria,Autosomal recessive inheritance
rs2037639,PAH,ENST00000553106.6,c.353-22C>T () ,heterozygous,Benign,phenylketonuria,Autosomal recessive inheritance
rs1522296,PAH,ENST00000553106.6,c.60+62C>T () ,heterozygous,Benign,phenylketonuria,Autosomal recessive inheritance
rs2280615,PAH,ENST00000553106.6,c.-71A>C () ,heterozygous,Benign,phenylketonuria,Autosomal recessive inheritance
rs1169305,HNF1A,ENST00000257555.10,c.1720A>G (p.Ser574Gly) ,homozygous,Benign,monogenic diabetes,Autosomal dominant inheritance
rs7157716,MYH7,ENST00000355349.4,c.2967T>C (p.Ile989=) ,heterozygous,Benign,cardiomyopathy,Autosomal dominant inheritance
rs2069540,MYH7,ENST00000355349.4,c.189C>T (p.Thr63=) ,heterozygous,Benign,cardiomyopathy,Autosomal dominant inheritance
rs1049518,GATM,ENST00000396659.8,c.*940C>T () ,homozygous,Benign,AGAT deficiency,Autosomal recessive inheritance
rs1049503,GATM,ENST00000396659.8,c.*600A>G () ,homozygous,Benign,AGAT deficiency,Autosomal recessive inheritance
rs1145086,GATM,ENST00000396659.8,c.1252T>C (p.Leu418=) ,homozygous,Benign,AGAT deficiency,Autosomal recessive inheritance
rs3176174,POLG,ENST00000268124.10,c.1250+188A>G () ,heterozygous,Benign,mitochondrial disease,Autosomal recessive inheritance
rs183489969,PALB2,ENST00000261584.9,c.3054G>C (p.Glu1018Asp) ,heterozygous,Benign,hereditary breast cancer,Autosomal dominant inheritance
rs3743674,CDH1,ENST00000261769.10,c.48+6C>T () ,heterozygous,Benign,hereditary diffuse gastric cancer,Autosomal dominant inheritance
rs1801552,CDH1,ENST00000261769.10,c.2076T>C (p.Ala692=) ,homozygous,Benign,hereditary diffuse gastric cancer,Autosomal dominant inheritance
rs33964119,CDH1,ENST00000261769.10,c.2253C>T (p.Asn751=) ,homozygous,Benign,hereditary diffuse gastric cancer,Autosomal dominant inheritance
rs1801026,CDH1,ENST00000261769.10,c.*54C>T () ,homozygous,Benign,hereditary diffuse gastric cancer,Autosomal dominant inheritance
rs13689,CDH1,ENST00000261769.10,c.*1120T>C () ,heterozygous,Benign,hereditary diffuse gastric cancer,Autosomal dominant inheritance
rs370388543,ACADVL,ENST00000356839.10,c.478-106del () ,heterozygous,Benign,very long chain acyl-CoA dehydrogenase deficiency,Autosomal recessive inheritance
rs854777,MYO15A,ENST00000647165.2,c.5929T>C (p.Cys1977Arg) ,homozygous,Benign,nonsyndromic genetic deafness,Autosomal recessive inheritance
rs15908,ITGB3,ENST00000559488.6,c.1143A>C (p.Val381=) ,heterozygous,Benign,Glanzmann's thrombasthenia,Autosomal recessive inheritance
rs4634,ITGB3,ENST00000559488.6,c.1545G>A (p.Arg515=) ,heterozygous,Benign,Glanzmann thrombasthenia,Autosomal recessive inheritance
rs1800300,GAA,ENST00000302262.8,c.324T>C (p.Cys108=) ,homozygous,Benign,glycogen storage disease II,Autosomal recessive inheritance
rs3816256,GAA,ENST00000302262.8,c.547-4C>G () ,homozygous,Benign,glycogen storage disease II,Autosomal recessive inheritance
rs1042395,GAA,ENST00000302262.8,c.668G>A (p.Arg223His) ,homozygous,Benign,glycogen storage disease II,Autosomal recessive inheritance
rs1800304,GAA,ENST00000302262.8,c.1203G>A (p.Gln401=) ,homozygous,Benign,glycogen storage disease II,Autosomal recessive inheritance
rs1126690,GAA,ENST00000302262.8,c.2338G>A (p.Val780Ile) ,homozygous,Benign,glycogen storage disease II,Autosomal recessive inheritance
rs1042397,GAA,ENST00000302262.8,c.2553G>A (p.Gly851=) ,homozygous,Benign,glycogen storage disease II,Autosomal recessive inheritance
rs10250,MAP2K2,ENST00000262948.9,c.660C>A (p.Ile220=) ,homozygous,Benign,RASopathy,Autosomal dominant inheritance
rs3810381,ETHE1,ENST00000292147.7,c.6G>A (p.Ala2=) ,heterozygous,Benign,ethylmalonic encephalopathy,Autosomal recessive inheritance
rs73900787,RUNX1,ENST00000300305.7,c.58+265G>A () ,heterozygous,Benign,hereditary thrombocytopenia and hematologic cancer predisposition syndrome,Autosomal dominant inheritance
rs2229137,PDHA1,ENST00000422285.7,c.844A>C (p.Met282Leu) ,heterozygous,Benign,pyruvate dehydrogenase deficiency,X-linked inheritance
